url,lastmod,changefreq,priority
/artikel/cara-membuat-website-sendiri,2024-01-15,weekly,0.8
/artikel/panduan-seo-untuk-pemula,2024-01-14,weekly,0.8
/artikel/tips-optimasi-kecepatan-website,2024-01-13,weekly,0.7
/artikel/memilih-hosting-terbaik,2024-01-12,monthly,0.6
/artikel/tutorial-laravel-untuk-pemula,2024-01-11,weekly,0.8
/artikel/cara-install-wordpress,2024-01-10,monthly,0.6
/artikel/panduan-lengkap-html-css,2024-01-09,weekly,0.7
/artikel/belajar-javascript-dari-nol,2024-01-08,weekly,0.8
/artikel/pengenalan-database-mysql,2024-01-07,monthly,0.6
/artikel/membangun-api-dengan-rest,2024-01-06,weekly,0.7
/artikel/keamanan-website-101,2024-01-05,monthly,0.6
/artikel/tips-desain-ui-ux,2024-01-04,weekly,0.7
/artikel/pengenalan-git-version-control,2024-01-03,weekly,0.8
/artikel/deployment-website-ke-server,2024-01-02,monthly,0.6
/artikel/monitoring-performa-website,2024-01-01,monthly,0.5
/berita/update-teknologi-2024,2024-01-15,daily,0.9
/berita/trend-web-development-2024,2024-01-14,daily,0.9
/berita/framework-terpopuler-2024,2024-01-13,daily,0.8
/berita/bahasa-pemrograman-terlaris,2024-01-12,daily,0.8
/berita/cloud-computing-masa-depan,2024-01-11,daily,0.8
/kategori/tutorial,2024-01-15,weekly,0.5
/kategori/berita,2024-01-15,daily,0.5
/kategori/tips,2024-01-15,weekly,0.5
/tentang-kami,2024-01-01,yearly,0.4
/kontak,2024-01-01,yearly,0.4
/kebijakan-privasi,2024-01-01,yearly,0.3
/syarat-ketentuan,2024-01-01,yearly,0.3
